iter	Logloss
0	0.6451310387
1	0.603173354
2	0.566705508
3	0.5340785779
4	0.5067914091
5	0.483034697
6	0.4618014345
